<?xml version="1.0" encoding="UTF-8"?>
<project-private xmlns="http://www.netbeans.org/ns/project-private/1">
    <editor-bookmarks xmlns="http://www.netbeans.org/ns/editor-bookmarks/2" lastBookmarkId="0"/>
    <open-files xmlns="http://www.netbeans.org/ns/projectui-open-files/2">
        <group>
            <file>file:/C:/Study/24_Fall_PRO/ProjectW/src/model/card/spellcard/Energetics.java</file>
            <file>file:/C:/Study/24_Fall_PRO/ProjectW/src/model/card/spellcard/Gamblings.java</file>
            <file>file:/C:/Study/24_Fall_PRO/ProjectW/src/model/card/spellcard/TalentedHealer.java</file>
            <file>file:/C:/Study/24_Fall_PRO/ProjectW/src/model/card/spellcard/GreedyHand.java</file>
            <file>file:/C:/Study/24_Fall_PRO/ProjectW/src/controller/Test.java</file>
            <file>file:/C:/Study/24_Fall_PRO/ProjectW/src/model/card/spellcard/GreatCommmander.java</file>
            <file>file:/C:/Study/24_Fall_PRO/ProjectW/src/model/card/HeroCard.java</file>
            <file>file:/C:/Study/24_Fall_PRO/ProjectW/src/model/card/spellcard/GodBlessMe.java</file>
            <file>file:/C:/Study/24_Fall_PRO/ProjectW/src/controller/Main.java</file>
        </group>
    </open-files>
</project-private>
