<?xml version="1.0" encoding="UTF-8"?>
<project-private xmlns="http://www.netbeans.org/ns/project-private/1">
    <editor-bookmarks xmlns="http://www.netbeans.org/ns/editor-bookmarks/2" lastBookmarkId="0"/>
    <open-files xmlns="http://www.netbeans.org/ns/projectui-open-files/2">
        <group>
            <file>file:/C:/Study/24_Fall_PRO/ProjectW/src/controller/Operation.java</file>
            <file>file:/C:/Study/24_Fall_PRO/ProjectW/src/controller/DefaultGUI.java</file>
            <file>file:/C:/Study/24_Fall_PRO/ProjectW/src/view/Win.java</file>
        </group>
    </open-files>
</project-private>
